<?xml version="1.0" encoding="UTF-8"?>
<!DOCTYPE FBType SYSTEM "http://www.holobloc.com/xml/LibraryElement.dtd" >
<FBType Name="ASM_CTL" Comment="Controller for Simple Assembly Station with Dual-Cylinder Transport" >
  <Identification Standard="61499-1" ApplicationDomain="Assembly" Function="Control" />
  <VersionInfo Organization="Rockwell Automation" Version="0.1" Author="JHC" Date="2004-10-21" Remarks="Changed a transition from P_HOME to NOT P_END." />
  <VersionInfo Organization="Rockwell Automation" Version="0.0" Author="JHC" Date="2004-09-25" Remarks="Adapted from ASM_CTL." />
  <CompilerInfo header="package fb.rt.mach; import fb.rt.math.*;" >
    <Compiler Language="Java" Vendor="Sun" Product="JDK" Version="1.4.2" />
  </CompilerInfo>
  <InterfaceList>
    <EventInputs>
      <Event Name="RUN_TRIG" Comment="RUN/STOP trigger" >
        <With Var="RUN" />
      </Event>
      <Event Name="TS" Comment="Transport Sensors" >
        <With Var="T_HOME" />
        <With Var="T_MID" />
        <With Var="T_END" />
      </Event>
      <Event Name="PS" Comment="Press Sensors" >
        <With Var="P_HOME" />
        <With Var="P_END" />
      </Event>
    </EventInputs>
    <EventOutputs>
      <Event Name="TA" Comment="Transport Actuators" >
        <With Var="CYL1_FWD" />
        <With Var="CYL2_FWD" />
        <With Var="CYL12_REV" />
      </Event>
      <Event Name="PA" Comment="Press Actuators" >
        <With Var="PRESS_REV" />
        <With Var="PRESS_FWD" />
      </Event>
    </EventOutputs>
    <InputVars>
      <VarDeclaration Name="RUN" Type="BOOL" Comment="Enable cycling" />
      <VarDeclaration Name="T_HOME" Type="BOOL" Comment="Transport at HOME position" />
      <VarDeclaration Name="T_MID" Type="BOOL" Comment="Transport at MID position" />
      <VarDeclaration Name="T_END" Type="BOOL" Comment="Transport at END position" />
      <VarDeclaration Name="P_HOME" Type="BOOL" Comment="Press at HOME position" />
      <VarDeclaration Name="P_END" Type="BOOL" Comment="Press at END position" />
    </InputVars>
    <OutputVars>
      <VarDeclaration Name="CYL1_FWD" Type="BOOL" Comment="Move Cylinder#1 Forward" />
      <VarDeclaration Name="CYL2_FWD" Type="BOOL" Comment="Move Cylinder#2 Forward" />
      <VarDeclaration Name="CYL12_REV" Type="BOOL" Comment="Retract Both Cylinders" />
      <VarDeclaration Name="PRESS_FWD" Type="BOOL" Comment="Move Press Forward" />
      <VarDeclaration Name="PRESS_REV" Type="BOOL" Comment="Retract Press" />
    </OutputVars>
  </InterfaceList>
  <BasicFB>
    <ECC >
      <ECState Name="START" Comment="Initial State" x="227.77777" y="61.111107" >
      </ECState>
      <ECState Name="FEED_PEG" x="1238.8888" y="61.111107" >
        <ECAction Algorithm="FEED_PEG" Output="TA" />
      </ECState>
      <ECState Name="FEED_RING" x="1233.3333" y="566.6666" >
        <ECAction Algorithm="FEED_RING" Output="PA" />
      </ECState>
      <ECState Name="RETRACT_PRESS" x="1233.3333" y="1100.0" >
        <ECAction Algorithm="RETRACT_PRESS" Output="PA" />
      </ECState>
      <ECState Name="DELIVER_ASSY" x="238.88889" y="849.99994" >
        <ECAction Algorithm="DELIVER_ASSY" Output="TA" />
      </ECState>
      <ECState Name="RETRACT" x="238.88889" y="400.0" >
        <ECAction Algorithm="RETRACT_CYL" Output="TA" />
      </ECState>
      <ECTransition Source="START" Destination="FEED_PEG" Condition="RUN" x="594.4444" y="61.111107" />
      <ECTransition Source="FEED_PEG" Destination="FEED_RING" Condition="T_MID" x="1233.3333" y="277.77777" />
      <ECTransition Source="FEED_RING" Destination="RETRACT_PRESS" Condition="P_END" x="1233.3333" y="722.22217" />
      <ECTransition Source="RETRACT_PRESS" Destination="DELIVER_ASSY" Condition="NOT P_END" x="238.88889" y="1100.0" />
      <ECTransition Source="DELIVER_ASSY" Destination="RETRACT" Condition="T_END" x="238.88889" y="627.7778" />
      <ECTransition Source="RETRACT" Destination="START" Condition="T_HOME" x="227.77777" y="238.88889" />
    </ECC>
  <Algorithm Name="FEED_PEG" >
    <ST Text="CYL1_FWD := TRUE;&#10;CYL2_FWD := FALSE;&#10;CYL12_REV := FALSE;&#10;" />
  </Algorithm>
  <Algorithm Name="FEED_RING" >
    <ST Text="PRESS_FWD := TRUE;&#10;PRESS_REV := FALSE;&#10;" />
  </Algorithm>
  <Algorithm Name="RETRACT_PRESS" >
    <ST Text="PRESS_FWD := FALSE;&#10;PRESS_REV := TRUE;&#10;" />
  </Algorithm>
  <Algorithm Name="DELIVER_ASSY" >
    <ST Text="CYL1_FWD := TRUE;&#10;CYL2_FWD := TRUE;&#10;CYL12_REV := FALSE;&#10;" />
  </Algorithm>
  <Algorithm Name="RETRACT_CYL" >
    <ST Text="CYL1_FWD := FALSE;&#10;CYL2_FWD := FALSE;&#10;CYL12_REV := TRUE;&#10;" />
  </Algorithm>
  </BasicFB>
</FBType>
