<?xml version="1.0" encoding="UTF-8"?>
<!DOCTYPE System SYSTEM "http://www.holobloc.com/xml/LibraryElement.dtd" >
<System Name="TANK_MVCR" Comment="Level Control System Control+HMI with Remote Model+View" >
  <Identification Standard="61499-1" Classification="Simulation" ApplicationDomain="Process Control" />
  <VersionInfo Organization="Holobloc Inc" Version="0.4" Author="JHC" Date="2007-08-17" Remarks="Removed space in literal &#34;t#250 ms&#34;; added SETUP delays; changed AUTO tag to MODE." />
  <VersionInfo Organization="Holobloc Inc" Version="0.3" Author="JHC" Date="2007-01-11" Remarks="Converted to tagged data." />
  <VersionInfo Organization="Holobloc Inc" Version="0.2" Author="JHC" Date="2006-12-22" Remarks="Adapted from TANK_MVCR." />
  <VersionInfo Organization="Holobloc Inc" Version="0.1" Author="JHC" Date="2005-05-17" Remarks="Changed sockets 1025-6 to 1031-2 for WXP compatibility." />
  <VersionInfo Organization="Rockwell Automation" Version="0.0" Author="JHC" Date="2004-09-10" Remarks="Extended from TANK_MVL." />
  <Device Name="HMI" Type="FRAME_DEVICE" x="1133.3333" y="277.77777" >
    <Parameter Name="BOUNDS" Value="[240,100,210,270]" />
    <Resource Name="RECORDER" Type="PANEL_RESOURCE" x="83.33333" y="11.111111" >
      <FBNetwork >
        <FB Name="PUMP_SPEED" Type="SUBL_1" x="1016.6666" y="11.111111" />
        <FB Name="PV" Type="SUBL_1" Comment="Measured (Process) Variable" x="555.55554" y="11.111111" />
        <FB Name="OUT" Type="SUBL_1" Comment="Manipulated (Output) Variable" x="1450.0" y="11.111111" />
        <FB Name="RECORDER" Type="STRIP4" x="2405.5554" y="327.77777" >
          <Parameter Name="COLORS" Value="[red,orange,green,blue]" />
          <Parameter Name="BKGD" Value="COLOR#lightGray" />
          <Parameter Name="SIZE" Value="[200,150]" />
          <Parameter Name="DX" Value="1" />
        </FB>
        <FB Name="PV_UINT" Type="FB_REAL_UINT" x="461.11108" y="772.22217" />
        <FB Name="OUT_UINT" Type="FB_REAL_UINT" x="1838.8888" y="216.66666" />
        <FB Name="SP" Type="SUBL_1" Comment="Set Point" x="2783.3333" y="327.77777" />
        <EventConnections>
          <Connection Source="PV.IND" Destination="PV_UINT.REQ" dx1="61.111107" dx2="33.333332" dy="494.44443" />
          <Connection Source="OUT.IND" Destination="OUT_UINT.REQ" dx1="27.777777" />
          <Connection Source="START.COLD" Destination="PV.INIT" dx1="27.777777" />
          <Connection Source="START.WARM" Destination="PV.INIT" dx1="27.777777" />
          <Connection Source="RECORDER.INITO" Destination="SP.INIT" dx1="27.777777" />
          <Connection Source="PV.INITO" Destination="PUMP_SPEED.INIT" dx1="72.22222" />
          <Connection Source="PUMP_SPEED.INITO" Destination="OUT.INIT" dx1="77.77777" />
          <Connection Source="OUT.INITO" Destination="RECORDER.INIT" dx1="588.88885" />
          <Connection Source="OUT_UINT.CNF" Destination="RECORDER.REQ" dx1="27.777777" />
        </EventConnections>
        <DataConnections>
          <Connection Source="SP.RD_1" Destination="RECORDER.PEN2" dx1="27.777777" dx2="366.66666" dy="911.1111" />
          <Connection Source="PUMP_SPEED.RD_1" Destination="RECORDER.PEN1" dx1="27.777777" dx2="150.0" dy="27.777777" />
          <Connection Source="PV.RD_1" Destination="PV_UINT.IN" dx1="27.777777" dx2="66.666664" dy="105.55555" />
          <Connection Source="OUT.RD_1" Destination="OUT_UINT.IN" dx1="27.777777" />
          <Connection Source="OUT_UINT.OUT" Destination="RECORDER.PEN3" dx1="27.777777" />
          <Connection Source="PV_UINT.OUT" Destination="RECORDER.PEN4" dx1="27.777777" />
        </DataConnections>
      </FBNetwork>
    </Resource>
    <Resource Name="PUMP" Type="PANEL_RESOURCE" x="761.1111" y="11.111111" >
      <FBNetwork >
        <FB Name="PUMP_SPEED" Type="PUBL_1" x="1577.7777" y="455.55554" />
        <FB Name="PUMP" Type="FB_SLIDER" x="455.55554" y="11.111111" >
          <Parameter Name="W" Value="100" />
          <Parameter Name="H" Value="25" />
          <Parameter Name="FGD" Value="[255,0,0]" />
          <Parameter Name="BKGD" Value="[255,0,0]" />
        </FB>
        <FB Name="PLBL" Type="FB_LABEL" x="1177.7777" y="11.111111" >
          <Parameter Name="LABEL" Value="&#34; PUMP&#34;" />
        </FB>
        <EventConnections>
          <Connection Source="PUMP.INITO" Destination="PLBL.INIT" dx1="27.777777" />
          <Connection Source="PLBL.INITO" Destination="PUMP_SPEED.INIT" dx1="27.777777" />
          <Connection Source="START.COLD" Destination="PUMP.INIT" dx1="27.777777" />
          <Connection Source="PUMP.IND" Destination="PUMP_SPEED.REQ" dx1="72.22222" />
        </EventConnections>
        <DataConnections>
          <Connection Source="PUMP.OUT" Destination="PUMP_SPEED.SD_1" dx1="33.333332" />
        </DataConnections>
      </FBNetwork>
    </Resource>
    <Resource Name="TAGS" Type="EMB_RES" Comment="Tag Server for HMI and CONTROLLER" x="1511.1111" y="11.111111" >
      <FBNetwork >
        <FB Name="PV" Type="TAGIN" x="533.3333" y="11.111111" >
          <Parameter Name="CHANNEL" Value="&#34;225.0.0.1:1031&#34;" />
          <Parameter Name="TYPE" Value="&#34;REAL&#34;" />
        </FB>
        <FB Name="OUT" Type="TAGOUT" x="972.22217" y="255.55554" >
          <Parameter Name="CHANNEL" Value="&#34;226.0.0.1:1032&#34;" />
          <Parameter Name="TYPE" Value="&#34;REAL&#34;" />
        </FB>
        <FB Name="PUMP_SPEED" Type="TAGOUT" x="1433.3333" y="505.55554" >
          <Parameter Name="TYPE" Value="&#34;UINT&#34;" />
          <Parameter Name="CHANNEL" Value="&#34;227.0.0.1:1027&#34;" />
        </FB>
        <EventConnections>
          <Connection Source="START.COLD" Destination="PV.INIT" dx1="27.777777" />
          <Connection Source="PV.INITO" Destination="OUT.INIT" dx1="44.444443" />
          <Connection Source="OUT.INITO" Destination="PUMP_SPEED.INIT" dx1="44.444443" />
        </EventConnections>
      </FBNetwork>
    </Resource>
  </Device>
  <Device Name="CONTROLLER" Type="FRAME_DEVICE" x="561.1111" y="11.111111" >
    <Parameter Name="BOUNDS" Value="[100,100,140,270]" />
    <Resource Name="FACE" Type="PANEL_RESOURCE" x="100.0" y="11.111111" >
      <FBNetwork >
        <FB Name="PV" Type="SUBL_1" x="472.2222" y="11.111111" />
        <FB Name="FACE" Type="FACEPLATE" x="1849.9999" y="11.111111" >
          <Parameter Name="LABEL" Value="&#34;TANK LEVEL&#34;" />
          <Parameter Name="SPI" Value="50" />
          <Parameter Name="H" Value="150" />
          <Parameter Name="COLORS" Value="[orange,blue,green]" />
        </FB>
        <FB Name="SP" Type="PUBL_1" x="2816.6665" y="172.22221" />
        <FB Name="OUT" Type="SUBL_1" x="911.1111" y="338.8889" />
        <FB Name="MODE" Type="PUBL_1" x="2372.2222" y="11.111111" />
        <EventConnections>
          <Connection Source="START.COLD" Destination="PV.INIT" dx1="27.777777" dx2="47.0588" dy="170.5882" />
          <Connection Source="START.WARM" Destination="PV.INIT" dx1="33.333332" dx2="47.0588" dy="282.3529" />
          <Connection Source="PV.INITO" Destination="FACE.INIT" dx1="72.22222" />
          <Connection Source="PV.IND" Destination="FACE.REQ" dx1="100.0" />
          <Connection Source="OUT.IND" Destination="FACE.REQ" dx1="116.666664" />
          <Connection Source="FACE.INITO" Destination="MODE.INIT" dx1="27.777777" />
          <Connection Source="FACE.IND" Destination="MODE.REQ" dx1="33.333332" />
          <Connection Source="MODE.INITO" Destination="SP.INIT" dx1="66.666664" dx2="38.888885" dy="700.0" />
          <Connection Source="MODE.CNF" Destination="SP.REQ" dx1="27.777777" dx2="61.111107" dy="550.0" />
          <Connection Source="PV.INITO" Destination="OUT.INIT" dx1="27.777777" />
        </EventConnections>
        <DataConnections>
          <Connection Source="PV.RD_1" Destination="FACE.PV" dx1="27.777777" />
          <Connection Source="FACE.SP" Destination="SP.SD_1" dx1="27.777777" />
          <Connection Source="OUT.RD_1" Destination="FACE.XOUT" dx1="372.2222" />
          <Connection Source="FACE.AUTO" Destination="MODE.SD_1" dx1="66.666664" />
        </DataConnections>
      </FBNetwork>
    </Resource>
    <Resource Name="CTL" Type="EMB_RES" x="755.55554" y="11.111111" >
      <FBNetwork >
        <FB Name="CLK" Type="E_CYCLE" x="477.77777" y="1005.55554" >
          <Parameter Name="DT" Value="t#250ms" />
        </FB>
        <FB Name="PV" Type="SUBL_1" x="866.6666" y="11.111111" />
        <FB Name="SP" Type="SUBL_1" x="472.2222" y="11.111111" />
        <FB Name="CTRL" Type="FB_PIDR" x="1811.1111" y="255.55554" >
          <Parameter Name="KP" Value="5" />
          <Parameter Name="DT" Value="t#250ms" />
          <Parameter Name="TR" Value="t#2s" />
          <Parameter Name="TD" Value="t#0s" />
        </FB>
        <FB Name="OUT" Type="PUBL_1" x="2305.5554" y="11.111111" />
        <FB Name="MODE" Type="SUBL_1" x="1261.1111" y="11.111111" />
        <FB Name="SETUP" Type="E_DELAY" x="2794.4443" y="11.111111" >
          <Parameter Name="DT" Value="t#1s" />
        </FB>
        <EventConnections>
          <Connection Source="START.COLD" Destination="SP.INIT" dx1="27.777777" />
          <Connection Source="START.WARM" Destination="SP.INIT" dx1="27.777777" />
          <Connection Source="SP.INITO" Destination="PV.INIT" dx1="27.777777" />
          <Connection Source="PV.INITO" Destination="MODE.INIT" dx1="27.777777" />
          <Connection Source="MODE.INITO" Destination="OUT.INIT" dx1="594.4444" />
          <Connection Source="CTRL.CNF" Destination="OUT.REQ" dx1="27.777777" />
          <Connection Source="CLK.EO" Destination="CTRL.REQ" dx1="894.4444" />
          <Connection Source="START.STOP" Destination="CLK.STOP" dx1="27.777777" />
          <Connection Source="OUT.INITO" Destination="SETUP.START" dx1="27.777777" />
          <Connection Source="SETUP.EO" Destination="CLK.START" dx1="27.777777" dx2="150.0" dy="1561.1111" />
        </EventConnections>
        <DataConnections>
          <Connection Source="CTRL.XOUT" Destination="OUT.SD_1" dx1="27.777777" />
          <Connection Source="SP.RD_1" Destination="CTRL.SP" dx1="27.777777" />
          <Connection Source="PV.RD_1" Destination="CTRL.PV" dx1="27.777777" />
          <Connection Source="MODE.RD_1" Destination="CTRL.AUTO" dx1="27.777777" />
          <Connection Source="SP.RD_1" Destination="CTRL.X0" dx1="27.777777" />
        </DataConnections>
      </FBNetwork>
    </Resource>
  </Device>
  <Device Name="MV" Type="RMT_FRAME" Comment="Remote Model+View" x="1649.9999" y="533.3333" >
    <Parameter Name="BOUNDS" Value="[450,100,175,270]" />
    <Resource Name="MGR" Type="RMT_RES" x="361.11108" y="38.888885" >
    </Resource>
    <Resource Name="TAGS" Type="EMB_RES" Comment="Tag Server for MV" x="838.88885" y="822.22217" >
      <FBNetwork >
        <FB Name="PV" Type="TAGOUT" x="533.3333" y="11.111111" >
          <Parameter Name="CHANNEL" Value="&#34;225.0.0.1:1031&#34;" />
          <Parameter Name="TYPE" Value="&#34;REAL&#34;" />
        </FB>
        <FB Name="OUT" Type="TAGIN" x="988.88885" y="249.99998" >
          <Parameter Name="CHANNEL" Value="&#34;226.0.0.1:1032&#34;" />
          <Parameter Name="TYPE" Value="&#34;REAL&#34;" />
        </FB>
        <FB Name="PUMP_SPEED" Type="TAGIN" x="1433.3333" y="505.55554" >
          <Parameter Name="TYPE" Value="&#34;UINT&#34;" />
          <Parameter Name="CHANNEL" Value="&#34;227.0.0.1:1027&#34;" />
        </FB>
        <EventConnections>
          <Connection Source="START.COLD" Destination="PV.INIT" dx1="27.777777" />
          <Connection Source="START.WARM" Destination="PV.INIT" dx1="27.777777" />
          <Connection Source="PV.INITO" Destination="OUT.INIT" dx1="27.777777" />
          <Connection Source="OUT.INITO" Destination="PUMP_SPEED.INIT" dx1="27.777777" />
        </EventConnections>
      </FBNetwork>
    </Resource>
    <Resource Name="TANK_MDL" Type="EMB_RES" x="1522.2222" y="838.88885" >
      <FBNetwork >
        <FB Name="MDL" Type="TANK_MDL" x="2361.111" y="561.1111" >
          <Parameter Name="DT" Value="t#250ms" />
          <Parameter Name="TF" Value="t#30s" />
        </FB>
        <FB Name="PUMP_SPEED" Type="SUBL_1" x="855.55554" y="11.111111" />
        <FB Name="OUT" Type="SUBL_1" x="449.99997" y="11.111111" />
        <FB Name="PV" Type="PUBL_1" x="1394.4443" y="11.111111" />
        <FB Name="SETUP" Type="E_DELAY" x="1899.9999" y="11.111111" >
          <Parameter Name="DT" Value="t#1s" />
        </FB>
        <EventConnections>
          <Connection Source="START.COLD" Destination="OUT.INIT" dx1="33.333332" />
          <Connection Source="OUT.INITO" Destination="PUMP_SPEED.INIT" dx1="27.777777" />
          <Connection Source="MDL.EO" Destination="PV.REQ" dx1="116.666664" dx2="88.888885" dy="949.99994" />
          <Connection Source="START.STOP" Destination="MDL.STOP" dx1="27.777777" />
          <Connection Source="PUMP_SPEED.INITO" Destination="PV.INIT" dx1="188.88889" />
          <Connection Source="PV.INITO" Destination="SETUP.START" dx1="27.777777" />
          <Connection Source="SETUP.EO" Destination="MDL.START" dx1="77.77777" />
        </EventConnections>
        <DataConnections>
          <Connection Source="PUMP_SPEED.RD_1" Destination="MDL.DRAW" dx1="27.777777" />
          <Connection Source="OUT.RD_1" Destination="MDL.FEED" dx1="27.777777" />
          <Connection Source="MDL.LEVEL" Destination="PV.SD_1" dx1="72.22222" dx2="38.888885" dy="461.11108" />
        </DataConnections>
      </FBNetwork>
    </Resource>
    <Resource Name="PUMP_MDL" Type="EMB_RES" x="2216.6665" y="844.4444" >
      <FBNetwork >
        <FB Name="MDL" Type="SHAFT_MDL" x="1455.5555" y="122.22221" >
          <Parameter Name="DT" Value="t#100ms" />
        </FB>
        <FB Name="PUMP_POS" Type="PUBL_1" x="1922.2222" y="11.111111" />
        <FB Name="PUMP_SPEED" Type="SUBL_1" x="455.55554" y="11.111111" />
        <FB Name="UNSC" Type="UNSCALE" x="838.88885" y="122.22221" >
          <Parameter Name="MAX" Value="360" />
        </FB>
        <FB Name="SETUP" Type="E_DELAY" x="2416.6665" y="11.111111" >
          <Parameter Name="DT" Value="t#1s" />
        </FB>
        <EventConnections>
          <Connection Source="START.COLD" Destination="PUMP_SPEED.INIT" dx1="27.777777" />
          <Connection Source="PUMP_SPEED.INITO" Destination="PUMP_POS.INIT" dx1="122.22221" />
          <Connection Source="MDL.EO" Destination="PUMP_POS.REQ" dx1="27.777777" />
          <Connection Source="PUMP_SPEED.IND" Destination="UNSC.REQ" dx1="27.777777" />
          <Connection Source="PUMP_POS.INITO" Destination="SETUP.START" dx1="33.333332" />
          <Connection Source="SETUP.EO" Destination="MDL.START" dx1="27.777777" dx2="116.666664" dy="794.4444" />
        </EventConnections>
        <DataConnections>
          <Connection Source="MDL.POS" Destination="PUMP_POS.SD_1" dx1="27.777777" />
          <Connection Source="UNSC.OUT" Destination="MDL.V" dx1="33.333332" />
          <Connection Source="PUMP_SPEED.RD_1" Destination="UNSC.IN" dx1="27.777777" />
        </DataConnections>
      </FBNetwork>
    </Resource>
    <Resource Name="VALVE" Type="VIEW_PANEL" x="816.6666" y="11.111111" >
      <Parameter Name="DIA" Value="50" />
      <Parameter Name="SIZE" Value="[1,3]" />
      <FBNetwork >
        <FB Name="OUT" Type="SUBL_1" x="522.2222" y="11.111111" />
        <FB Name="VALVE" Type="VALVE_VIEW" x="1538.8888" y="11.111111" >
          <Parameter Name="DIA" Value="50" />
          <Parameter Name="FGD" Value="[0,255,0]" />
        </FB>
        <FB Name="OUT_UINT" Type="FB_REAL_UINT" x="911.1111" y="122.22221" />
        <EventConnections>
          <Connection Source="START.COLD" Destination="OUT.INIT" dx1="33.333332" />
          <Connection Source="OUT.INITO" Destination="VALVE.INIT" dx1="33.333332" />
          <Connection Source="OUT.IND" Destination="OUT_UINT.REQ" dx1="27.777777" />
          <Connection Source="OUT_UINT.CNF" Destination="VALVE.REQ" dx1="83.33333" />
        </EventConnections>
        <DataConnections>
          <Connection Source="OUT.RD_1" Destination="OUT_UINT.IN" dx1="27.777777" />
          <Connection Source="OUT_UINT.OUT" Destination="VALVE.POS" dx1="27.777777" />
        </DataConnections>
      </FBNetwork>
    </Resource>
    <Resource Name="TANK" Type="VIEW_PANEL" x="1483.3333" y="11.111111" >
      <Parameter Name="SIZE" Value="[1,2]" />
      <Parameter Name="DIA" Value="75" />
      <FBNetwork >
        <FB Name="TANK" Type="MECH_VIEW" x="1388.8888" y="11.111111" >
          <Parameter Name="STYLE" Value="VSTYLE#CYLINDER" />
          <Parameter Name="LEN" Value="2" />
          <Parameter Name="DIR" Value="3" />
          <Parameter Name="BKGD" Value="[255,255,255]" />
          <Parameter Name="WKPC" Value="[0,0,255]" />
        </FB>
        <FB Name="PV" Type="SUBL_1" x="455.55554" y="11.111111" />
        <FB Name="PV_UINT" Type="FB_REAL_UINT" x="849.99994" y="122.22221" />
        <EventConnections>
          <Connection Source="PV.INITO" Destination="TANK.INIT" dx1="27.777777" />
          <Connection Source="START.COLD" Destination="PV.INIT" dx1="27.777777" />
          <Connection Source="PV.IND" Destination="PV_UINT.REQ" dx1="27.777777" />
          <Connection Source="PV_UINT.CNF" Destination="TANK.REQ" dx1="27.777777" />
        </EventConnections>
        <DataConnections>
          <Connection Source="PV.RD_1" Destination="PV_UINT.IN" dx1="27.777777" />
          <Connection Source="PV_UINT.OUT" Destination="TANK.POS" dx1="27.777777" />
        </DataConnections>
      </FBNetwork>
    </Resource>
    <Resource Name="PUMP" Type="VIEW_PANEL" x="2172.2222" y="11.111111" >
      <Parameter Name="DIA" Value="50" />
      <Parameter Name="SIZE" Value="[4,1]" />
      <FBNetwork >
        <FB Name="PUMP_POS" Type="SUBL_1" x="1233.3333" y="11.111111" />
        <FB Name="SPC2" Type="XSPACE" x="449.99997" y="11.111111" >
          <Parameter Name="DIA" Value="62" />
          <Parameter Name="DIMS" Value="[1,1]" />
        </FB>
        <FB Name="PIPE" Type="PIPE_VIEW" x="833.3333" y="11.111111" >
          <Parameter Name="DIR" Value="[0,1]" />
        </FB>
        <FB Name="PUMP" Type="PUMP_VIEW" x="1716.6666" y="11.111111" >
          <Parameter Name="IX" Value="[0,0,255]" />
          <Parameter Name="FGD" Value="[255,0,0]" />
        </FB>
        <EventConnections>
          <Connection Source="SPC2.INITO" Destination="PIPE.INIT" dx1="27.777777" />
          <Connection Source="START.COLD" Destination="SPC2.INIT" dx1="44.444443" />
          <Connection Source="PIPE.INITO" Destination="PUMP_POS.INIT" dx1="27.777777" />
          <Connection Source="PUMP_POS.INITO" Destination="PUMP.INIT" dx1="27.777777" />
          <Connection Source="PUMP_POS.IND" Destination="PUMP.REQ" dx1="44.444443" />
        </EventConnections>
        <DataConnections>
          <Connection Source="PUMP_POS.RD_1" Destination="PUMP.ANGLE" dx1="66.666664" />
        </DataConnections>
      </FBNetwork>
    </Resource>
  </Device>
</System>
