<?xml version="1.0" encoding="UTF-8"?>
<!DOCTYPE System SYSTEM "http://www.holobloc.com/xml/LibraryElement.dtd" >
<System Name="VAV_MVL" Comment="Variable Air Valve System Model+View+HMI" >
  <Identification Standard="61499-1" Classification="Simulation" ApplicationDomain="HVAC" />
  <VersionInfo Organization="Holobloc Inc" Version="0.2" Author="JHC" Date="2006-05-01" Remarks="Changed VAV_MVLL.FV to FD." />
  <VersionInfo Organization="Holobloc Inc" Version="0.1" Author="JHC" Date="2006-04-27" Remarks="Added DUCTS.DAMPER_UI." />
  <VersionInfo Organization="Holobloc Inc" Version="0.0" Author="JHC" Date="2006-04-12" />
  <Device Name="RECORDER" Type="FRAME_DEVICE" x="1605.5555" y="11.111111" >
    <Parameter Name="BOUNDS" Value="[240,100,210,250]" />
    <Resource Name="RECORDER" Type="PANEL_RESOURCE" x="83.33333" y="11.111111" >
      <FBNetwork >
        <FB Name="RECORDER" Type="STRIP4" x="2066.6665" y="11.111111" >
          <Parameter Name="COLORS" Value="[green,yellow,blue,cyan]" />
          <Parameter Name="BKGD" Value="COLOR#lightGray" />
          <Parameter Name="SIZE" Value="[200,150]" />
          <Parameter Name="DX" Value="1" />
        </FB>
        <FB Name="TEMP" Type="SUBL_1" x="899.99994" y="11.111111" />
        <FB Name="PARAMS" Type="SUBL_3" x="466.66666" y="11.111111" />
        <FB Name="DAMPER_SENSE" Type="SUBL_1" x="133.33333" y="916.6666" />
        <FB Name="TEMP_CVRT" Type="FB_REAL_UINT" x="1288.8888" y="233.33333" />
        <FB Name="ATOD" Type="SCALE" Comment="Unscale A/D value" x="1061.1111" y="1027.7777" >
          <Parameter Name="MAX" Value="4096" />
        </FB>
        <FB Name="FLOW" Type="FB_UINT_INT" x="572.2222" y="1027.7777" />
        <EventConnections>
          <Connection Source="START.COLD" Destination="PARAMS.INIT" dx1="27.777777" />
          <Connection Source="TEMP.INITO" Destination="RECORDER.INIT" dx1="627.7778" />
          <Connection Source="TEMP.IND" Destination="TEMP_CVRT.REQ" dx1="27.777777" />
          <Connection Source="TEMP_CVRT.CNF" Destination="RECORDER.REQ" dx1="27.777777" />
          <Connection Source="PARAMS.INITO" Destination="TEMP.INIT" dx1="66.666664" />
          <Connection Source="RECORDER.INITO" Destination="DAMPER_SENSE.INIT" dx1="100.0" dx2="55.555553" dy="1699.9999" />
          <Connection Source="DAMPER_SENSE.IND" Destination="FLOW.REQ" dx1="27.777777" />
          <Connection Source="FLOW.CNF" Destination="ATOD.REQ" dx1="27.777777" />
        </EventConnections>
        <DataConnections>
          <Connection Source="PARAMS.RD_1" Destination="RECORDER.PEN3" dx1="77.77777" />
          <Connection Source="PARAMS.RD_2" Destination="RECORDER.PEN4" dx1="27.777777" />
          <Connection Source="TEMP.RD_1" Destination="TEMP_CVRT.IN" dx1="27.777777" />
          <Connection Source="TEMP_CVRT.OUT" Destination="RECORDER.PEN2" dx1="27.777777" />
          <Connection Source="ATOD.OUT" Destination="RECORDER.PEN1" dx1="472.2222" />
          <Connection Source="FLOW.OUT" Destination="ATOD.IN" dx1="27.777777" />
          <Connection Source="DAMPER_SENSE.RD_1" Destination="FLOW.IN" dx1="33.333332" />
        </DataConnections>
      </FBNetwork>
    </Resource>
    <Resource Name="PARAMS" Type="PANEL_RESOURCE" x="961.1111" y="11.111111" >
      <Parameter Name="ROWS" Value="2" />
      <Parameter Name="COLS" Value="2" />
      <FBNetwork >
        <FB Name="PARAMS" Type="PUBL_3" x="3222.2222" y="844.4444" />
        <FB Name="STEMP" Type="FB_SLIDER" x="472.2222" y="11.111111" >
          <Parameter Name="FGD" Value="[0,0,255]" />
          <Parameter Name="BKGD" Value="[0,0,255]" />
          <Parameter Name="W" Value="100" />
          <Parameter Name="H" Value="25" />
        </FB>
        <FB Name="XTEMP" Type="FB_SLIDER" x="1250.0" y="11.111111" >
          <Parameter Name="W" Value="100" />
          <Parameter Name="H" Value="25" />
          <Parameter Name="FGD" Value="[0,255,255]" />
          <Parameter Name="BKGD" Value="[0,255,255]" />
        </FB>
        <FB Name="LOAD" Type="FB_SLIDER" x="2150.0" y="11.111111" >
          <Parameter Name="FGD" Value="COLOR#orange" />
          <Parameter Name="BKGD" Value="COLOR#orange" />
          <Parameter Name="W" Value="100" />
          <Parameter Name="H" Value="25" />
        </FB>
        <FB Name="LOAD_SCALE" Type="WTAV_PCT" x="2738.8887" y="44.444443" >
          <Parameter Name="IN2" Value="1000" />
        </FB>
        <EventConnections>
          <Connection Source="STEMP.IND" Destination="PARAMS.REQ" dx1="66.666664" />
          <Connection Source="STEMP.INITO" Destination="XTEMP.INIT" dx1="27.777777" />
          <Connection Source="XTEMP.IND" Destination="PARAMS.REQ" dx1="77.77777" />
          <Connection Source="XTEMP.INITO" Destination="LOAD.INIT" dx1="38.888885" />
          <Connection Source="LOAD.INITO" Destination="PARAMS.INIT" dx1="105.55555" />
          <Connection Source="START.COLD" Destination="STEMP.INIT" dx1="50.0" />
          <Connection Source="LOAD.IND" Destination="LOAD_SCALE.REQ" dx1="233.33333" />
          <Connection Source="LOAD_SCALE.CNF" Destination="PARAMS.REQ" dx1="72.22222" />
        </EventConnections>
        <DataConnections>
          <Connection Source="STEMP.OUT" Destination="PARAMS.SD_1" dx1="27.777777" />
          <Connection Source="XTEMP.OUT" Destination="PARAMS.SD_2" dx1="27.777777" />
          <Connection Source="LOAD.OUT" Destination="LOAD_SCALE.ETA" dx1="27.777777" />
          <Connection Source="LOAD_SCALE.OUT" Destination="PARAMS.SD_3" dx1="27.777777" />
        </DataConnections>
      </FBNetwork>
    </Resource>
  </Device>
  <Device Name="CTRL" Type="FRAME_DEVICE" x="555.55554" y="11.111111" >
    <Parameter Name="BOUNDS" Value="[100,100,140,270]" />
    <Resource Name="FACE" Type="PANEL_RESOURCE" x="100.0" y="11.111111" >
      <FBNetwork >
        <FB Name="TEMP" Type="SUBL_1" x="966.6666" y="11.111111" />
        <FB Name="FACE" Type="FACEPLATE" x="1477.7777" y="122.22221" >
          <Parameter Name="SPI" Value="50" />
          <Parameter Name="H" Value="150" />
          <Parameter Name="LABEL" Value="&#34;ROOM TEMP&#34;" />
        </FB>
        <FB Name="OUT" Type="SUBL_1" x="533.3333" y="11.111111" />
        <FB Name="AUTO" Type="PUBL_1" x="1994.4443" y="11.111111" />
        <FB Name="OPEN" Type="FB_GT_UINT" x="2438.889" y="344.44443" >
          <Parameter Name="IN2" Value="67" />
        </FB>
        <FB Name="CLOSE" Type="FB_LT_UINT" x="2450.0" y="1077.7777" >
          <Parameter Name="IN2" Value="33" />
        </FB>
        <FB Name="DAMPER_ACT" Type="PUBL_2" x="3038.8887" y="122.22221" />
        <EventConnections>
          <Connection Source="FACE.INITO" Destination="AUTO.INIT" dx1="27.777777" />
          <Connection Source="FACE.IND" Destination="AUTO.REQ" dx1="50.0" />
          <Connection Source="START.COLD" Destination="OUT.INIT" dx1="27.777777" />
          <Connection Source="START.WARM" Destination="OUT.INIT" dx1="27.777777" />
          <Connection Source="OUT.INITO" Destination="TEMP.INIT" dx1="27.777777" />
          <Connection Source="TEMP.INITO" Destination="FACE.INIT" dx1="55.555553" />
          <Connection Source="TEMP.IND" Destination="FACE.REQ" dx1="27.777777" />
          <Connection Source="AUTO.CNF" Destination="OPEN.REQ" dx1="27.777777" />
          <Connection Source="OPEN.CNF" Destination="CLOSE.REQ" dx1="66.666664" dx2="44.444443" dy="566.6666" />
          <Connection Source="AUTO.INITO" Destination="DAMPER_ACT.INIT" dx1="638.88885" />
          <Connection Source="CLOSE.CNF" Destination="DAMPER_ACT.REQ" dx1="116.666664" />
        </EventConnections>
        <DataConnections>
          <Connection Source="TEMP.RD_1" Destination="FACE.PV" dx1="27.777777" />
          <Connection Source="OUT.RD_1" Destination="FACE.XOUT" dx1="27.777777" />
          <Connection Source="FACE.AUTO" Destination="AUTO.SD_1" dx1="27.777777" />
          <Connection Source="FACE.SP" Destination="OPEN.IN1" dx1="294.44443" />
          <Connection Source="FACE.SP" Destination="CLOSE.IN1" dx1="144.44444" />
          <Connection Source="OPEN.OUT" Destination="DAMPER_ACT.SD_1" dx1="100.0" />
          <Connection Source="CLOSE.OUT" Destination="DAMPER_ACT.SD_2" dx1="161.1111" />
        </DataConnections>
      </FBNetwork>
    </Resource>
  </Device>
  <Device Name="ZONE" Type="FRAME_DEVICE" x="2716.6665" y="11.111111" >
    <Parameter Name="BOUNDS" Value="[450,100,290,250]" />
    <Resource Name="MODEL" Type="EMB_RES" x="1616.6666" y="133.33333" >
      <FBNetwork >
        <FB Name="DAMPER" Type="VAV_MDLL" x="966.6666" y="11.111111" >
          <Parameter Name="DT" Value="1" />
          <Parameter Name="TACT" Value="95" />
          <Parameter Name="FSF" Value="1000.0" />
          <Parameter Name="FD" Value="50.0" />
          <Parameter Name="SFS" Value="1000.0" />
          <Parameter Name="ADMAX" Value="4096" />
        </FB>
        <FB Name="ROOM" Type="ZONE_MDLL" x="1983.3333" y="11.111111" >
          <Parameter Name="DT" Value="10" />
          <Parameter Name="T0" Value="80" />
          <Parameter Name="V" Value="5000" />
          <Parameter Name="AR" Value="200" />
        </FB>
        <FB Name="CLK_DIV" Type="E_F_DIV" Comment="Zone simulation runs 10x slower than valve sim" x="1533.3333" y="244.44443" >
          <Parameter Name="N" Value="10" />
        </FB>
        <FB Name="VAV_CLK" Type="E_CYCLE" x="522.2222" y="216.66666" >
          <Parameter Name="DT" Value="t#100ms" />
        </FB>
        <FB Name="TEMP" Type="PUBL_1" Comment="Main Display clock and Temperature publisher" x="2516.6665" y="11.111111" />
        <EventConnections>
          <Connection Source="START.COLD" Destination="DAMPER.INIT" dx1="27.777777" />
          <Connection Source="DAMPER.INITO" Destination="ROOM.INIT" dx1="50.0" />
          <Connection Source="DAMPER.IND" Destination="CLK_DIV.EI" dx1="44.444443" />
          <Connection Source="CLK_DIV.EO" Destination="ROOM.CLK" dx1="50.0" />
          <Connection Source="START.STOP" Destination="VAV_CLK.STOP" dx1="27.777777" />
          <Connection Source="VAV_CLK.EO" Destination="DAMPER.CLK" dx1="27.777777" />
          <Connection Source="ROOM.INITO" Destination="TEMP.INIT" dx1="27.777777" />
          <Connection Source="TEMP.INITO" Destination="VAV_CLK.START" dx1="44.444443" dx2="66.666664" dy="1600.0" />
          <Connection Source="ROOM.CNF" Destination="TEMP.REQ" dx1="38.888885" />
        </EventConnections>
        <DataConnections>
          <Connection Source="DAMPER.FLOW" Destination="ROOM.FLOW" dx1="66.666664" />
          <Connection Source="ROOM.T" Destination="TEMP.SD_1" dx1="27.777777" />
        </DataConnections>
      </FBNetwork>
    </Resource>
    <Resource Name="DUCTS" Type="VIEW_PANEL" x="238.88889" y="11.111111" >
      <Parameter Name="DIA" Value="25" />
      <Parameter Name="SIZE" Value="[3,8]" />
      <Parameter Name="VERTICAL" Value="1" />
      <FBNetwork >
        <FB Name="DAMPER_REND" Type="SUBL_1" x="438.8889" y="11.111111" />
        <FB Name="DAMPER" Type="MECH_VIEW" x="816.6666" y="11.111111" >
          <Parameter Name="BKGD" Value="[0,0,255]" />
          <Parameter Name="DIR" Value="0" />
          <Parameter Name="STYLE" Value="VSTYLE#DAMPER" />
          <Parameter Name="WKPC" Value="[0,255,0]" />
          <Parameter Name="LEN" Value="3" />
        </FB>
        <FB Name="LBLS" Type="XSPACE" x="1722.2222" y="355.55554" >
          <Parameter Name="LBLS" Value="[&#34;&#34;,&#34;===>&#34;,&#34;&#34;,&#34;&#34;,&#34;&#34;]" />
          <Parameter Name="DIMS" Value="[3,6]" />
          <Parameter Name="COLORS" Value="[green,white]" />
        </FB>
        <FB Name="OUTLET" Type="XSPACE" x="2116.6665" y="827.7778" >
          <Parameter Name="COLORS" Value="[yellow,blue]" />
          <Parameter Name="DIMS" Value="[3,1]" />
          <Parameter Name="LBLS" Value="[&#34;&#34;,&#34;&#34;,&#34;&#34;,&#34;&#34;,&#34;&#60;===&#34;]" />
        </FB>
        <FB Name="DAMPER_UI" Type="PUBL_1" x="1261.1111" y="11.111111" />
        <EventConnections>
          <Connection Source="START.COLD" Destination="DAMPER_REND.INIT" dx1="33.333332" />
          <Connection Source="DAMPER_REND.INITO" Destination="DAMPER.INIT" dx1="33.333332" />
          <Connection Source="DAMPER_REND.IND" Destination="DAMPER.REQ" dx1="44.444443" />
          <Connection Source="LBLS.INITO" Destination="OUTLET.INIT" dx1="27.777777" />
          <Connection Source="DAMPER.INITO" Destination="DAMPER_UI.INIT" dx1="27.777777" />
          <Connection Source="DAMPER.IND" Destination="DAMPER_UI.REQ" dx1="27.777777" />
          <Connection Source="DAMPER_UI.INITO" Destination="LBLS.INIT" dx1="27.777777" />
        </EventConnections>
        <DataConnections>
          <Connection Source="DAMPER_REND.RD_1" Destination="DAMPER.POS" dx1="33.333332" />
          <Connection Source="DAMPER.FAULT" Destination="DAMPER_UI.SD_1" dx1="27.777777" />
        </DataConnections>
      </FBNetwork>
    </Resource>
    <Resource Name="ROOM" Type="VIEW_PANEL" x="905.55554" y="11.111111" >
      <Parameter Name="SIZE" Value="[8,8]" />
      <Parameter Name="DIA" Value="25" />
      <FBNetwork >
        <FB Name="ROOM" Type="ZONE_VIEWL" x="944.4444" y="11.111111" >
          <Parameter Name="FGD" Value="[255,255,0]" />
          <Parameter Name="BKGD" Value="[0,0,255]" />
          <Parameter Name="W" Value="200" />
          <Parameter Name="SZ" Value="14" />
          <Parameter Name="REND_ID" Value="&#34;DAMPER_REND&#34;" />
        </FB>
        <FB Name="TEMP" Type="SUBL_1" x="483.3333" y="11.111111" />
        <EventConnections>
          <Connection Source="START.COLD" Destination="TEMP.INIT" dx1="27.777777" />
          <Connection Source="START.WARM" Destination="TEMP.INIT" dx1="27.777777" />
          <Connection Source="TEMP.INITO" Destination="ROOM.INIT" dx1="27.777777" />
          <Connection Source="TEMP.IND" Destination="ROOM.REQ" dx1="44.444443" />
        </EventConnections>
        <DataConnections>
          <Connection Source="TEMP.RD_1" Destination="ROOM.TEMP" dx1="211.1111" />
        </DataConnections>
      </FBNetwork>
    </Resource>
  </Device>
</System>
