<?xml version="1.0" encoding="UTF-8"?>
<!DOCTYPE FBType SYSTEM "../LibraryElement.dtd" >
<FBType Name="DM_KRNL" Comment="Device Management Kernel Block" >
  <Identification Standard="61499 Demo ITA" />
  <VersionInfo Organization="Rockwell Automation" Version="0.3" Author="JHC" Date="2001-01-22" Remarks="Corrected initialization, interfaced to FBManager" />
  <VersionInfo Organization="Rockwell Automation" Version="0.2" Author="JHC" Date="2000-07-24" Remarks="Modified to use new DEV_MGR." />
  <VersionInfo Organization="Rockwell Automation" Version="0.1" Author="JHC" Date="2000-05-16" Remarks="File type changed to &#34;.fbt&#34;" />
  <VersionInfo Organization="Rockwell Automation" Version="0.0" Author="JHC" Date="2000-03-18" />
  <CompilerInfo header="package fb.rt; import fb.rt.net.*;" >
    <Compiler Language="Java" Vendor="IBM" Product="VisualAge" Version="3.0" />
  </CompilerInfo>
  <InterfaceList>
    <EventInputs>
      <Event Name="INIT" Comment="Service Initialization/Termination" >
        <With Var="QI" />
        <With Var="ID" />
      </Event>
    </EventInputs>
    <EventOutputs>
      <Event Name="INITO" Comment="Initialization/Termination Confirm" >
        <With Var="QO" />
        <With Var="STATUS" />
      </Event>
    </EventOutputs>
    <InputVars>
      <VarDeclaration Name="QI" Type="BOOL" Comment="1=Initiate,0=Terminate" />
      <VarDeclaration Name="ID" Type="WSTRING" Comment="Server ID" />
    </InputVars>
    <OutputVars>
      <VarDeclaration Name="QO" Type="BOOL" Comment="1=Initiated,0=Terminated" />
      <VarDeclaration Name="STATUS" Type="WSTRING" Comment="&#34;OK&#34;or Reason for Termination" />
    </OutputVars>
  </InterfaceList>
  <FBNetwork >
    <FB Name="SVR" Type="SERVER_1_2" x="288.2353" y="11.7647" />
    <FB Name="MGR" Type="DEV_MGR" x="1217.6471" y="11.7647" />
    <EventConnections>
      <Connection Source="INIT" Destination="MGR.INIT" dx1="1111.7646" />
      <Connection Source="MGR.INITO" Destination="SVR.INIT" dx1="229.4118" dx2="247.0588" dy="1035.2941" />
      <Connection Source="SVR.INITO" Destination="INITO" dx1="829.4117" />
      <Connection Source="SVR.IND" Destination="MGR.REQ" dx1="505.8824" />
      <Connection Source="MGR.CNF" Destination="SVR.RSP" dx1="164.7059" dx2="182.3529" dy="864.7059" />
    </EventConnections>
    <DataConnections>
      <Connection Source="QI" Destination="MGR.QI" dx1="1135.2941" />
      <Connection Source="ID" Destination="SVR.ID" dx1="211.7647" />
      <Connection Source="MGR.QO" Destination="SVR.QI" dx1="129.4118" dx2="129.4118" dy="482.3529" />
      <Connection Source="SVR.QO" Destination="QO" dx1="794.1176" />
      <Connection Source="SVR.STATUS" Destination="STATUS" dx1="870.5882" />
      <Connection Source="SVR.RD_1" Destination="MGR.DST" dx1="335.2941" />
      <Connection Source="SVR.RD_2" Destination="MGR.RQST" dx1="394.1176" />
      <Connection Source="MGR.RESP" Destination="SVR.SD_1" dx1="100" dx2="100" dy="341.1765" />
    </DataConnections>
  </FBNetwork>
</FBType>
