<?xml version="1.0" encoding="UTF-8"?>
<!DOCTYPE FBType SYSTEM "http://www.holobloc.com/xml/LibraryElement.dtd" >
<FBType Name="REGRESS_OUT" Comment="HMI elements for outputs of a REGRESS instance" >
  <Identification Standard="IEC 61499" Classification="HMI" Function="Output" Type="Linear Regression" />
  <VersionInfo Organization="Holobloc Inc" Version="0.0" Author="JHC" Date="2006-07-20" />
  <CompilerInfo header="package fb.rt.hmi;" >
    <Compiler Language="Java" Vendor="Sun" Product="JDK" Version="1.5.0" />
  </CompilerInfo>
  <InterfaceList>
    <EventInputs>
      <Event Name="INIT" Comment="Initialization Request" >
        <With Var="W" />
      </Event>
      <Event Name="REQ" Comment="Request to Display Data" >
        <With Var="QI" />
        <With Var="PV" />
        <With Var="SLOPE" />
        <With Var="DEV" />
      </Event>
    </EventInputs>
    <EventOutputs>
      <Event Name="INITO" Comment="Initialization Confirm" >
      </Event>
      <Event Name="CNF" Comment="Data Display Confirmation" >
      </Event>
    </EventOutputs>
    <InputVars>
      <VarDeclaration Name="W" Type="UINT" InitialValue="10" Comment="Text field width in characters" />
      <VarDeclaration Name="QI" Type="BOOL" Comment="Sample buffer full, outputs valid" />
      <VarDeclaration Name="PV" Type="REAL" Comment="Projected next value of regressed data" />
      <VarDeclaration Name="SLOPE" Type="REAL" Comment="Slope of regressed data, IN units per clock period." />
      <VarDeclaration Name="DEV" Type="REAL" Comment="Estimated standard deviation from regression line" />
    </InputVars>
  </InterfaceList>
  <FBNetwork >
    <FB Name="GATE" Type="E_PERMIT" Comment="Only display valid data" x="205.55554" y="122.22221" />
    <FB Name="PV_HMI" Type="OUT_ANY" x="661.1111" y="11.111111" >
      <Parameter Name="TYPE" Value="&#34;REAL&#34;" />
      <Parameter Name="QI" Value="1" />
    </FB>
    <FB Name="SLOPE_HMI" Type="OUT_ANY" x="1272.2222" y="11.111111" >
      <Parameter Name="TYPE" Value="&#34;REAL&#34;" />
      <Parameter Name="QI" Value="1" />
    </FB>
    <FB Name="DEV_HMI" Type="OUT_ANY" x="1877.7777" y="11.111111" >
      <Parameter Name="TYPE" Value="&#34;REAL&#34;" />
      <Parameter Name="QI" Value="1" />
    </FB>
    <FB Name="PV_LBL" Type="FB_LABEL" x="661.1111" y="1155.5555" >
      <Parameter Name="LABEL" Value="&#34; PV&#34;" />
      <Parameter Name="QI" Value="1" />
    </FB>
    <FB Name="SLOPE_LBL" Type="FB_LABEL" x="1300.0" y="1166.6666" >
      <Parameter Name="LABEL" Value="&#34; SLOPE&#34;" />
      <Parameter Name="QI" Value="1" />
    </FB>
    <FB Name="DEV_LBL" Type="FB_LABEL" x="1855.5555" y="1161.1111" >
      <Parameter Name="QI" Value="1" />
      <Parameter Name="LABEL" Value="&#34; DEV&#34;" />
    </FB>
    <EventConnections>
      <Connection Source="REQ" Destination="GATE.EI" dx1="94.44444" />
      <Connection Source="INIT" Destination="PV_HMI.INIT" dx1="555.55554" />
      <Connection Source="DEV_LBL.INITO" Destination="INITO" dx1="2294.4443" />
      <Connection Source="GATE.EO" Destination="PV_HMI.REQ" dx1="27.777777" />
      <Connection Source="PV_HMI.CNF" Destination="SLOPE_HMI.REQ" dx1="27.777777" />
      <Connection Source="PV_HMI.INITO" Destination="PV_LBL.INIT" dx1="27.777777" dx2="38.888885" dy="988.88885" />
      <Connection Source="PV_LBL.INITO" Destination="SLOPE_HMI.INIT" dx1="77.77777" />
      <Connection Source="SLOPE_HMI.INITO" Destination="SLOPE_LBL.INIT" dx1="27.777777" dx2="61.111107" dy="988.88885" />
      <Connection Source="SLOPE_LBL.INITO" Destination="DEV_HMI.INIT" dx1="50.0" />
      <Connection Source="SLOPE_HMI.CNF" Destination="DEV_HMI.REQ" dx1="61.111107" />
      <Connection Source="DEV_HMI.INITO" Destination="DEV_LBL.INIT" dx1="111.11111" dx2="33.333332" dy="988.88885" />
      <Connection Source="DEV_HMI.CNF" Destination="CNF" dx1="2294.4443" />
    </EventConnections>
    <DataConnections>
      <Connection Source="QI" Destination="GATE.PERMIT" dx1="127.77777" />
      <Connection Source="PV" Destination="PV_HMI.IN" dx1="572.2222" />
      <Connection Source="SLOPE" Destination="SLOPE_HMI.IN" dx1="1127.7777" />
      <Connection Source="DEV" Destination="DEV_HMI.IN" dx1="1772.2222" />
      <Connection Source="W" Destination="PV_HMI.W" dx1="583.3333" />
      <Connection Source="W" Destination="SLOPE_HMI.W" dx1="1194.4445" />
      <Connection Source="W" Destination="DEV_HMI.W" dx1="1799.9999" />
    </DataConnections>
  </FBNetwork>
</FBType>
