<?xml version="1.0" encoding="UTF-8"?>
<!DOCTYPE System SYSTEM "http://www.holobloc.com/xml/LibraryElement.dtd" >
<System Name="PNP_MVL" Comment="Pick &#38; Place Model/View Tester" >
  <Identification Standard="IEC 61499" Classification="Simulation" ApplicationDomain="Assembly" Type="Pick &#38; Place" />
  <VersionInfo Organization="Holobloc Inc" Version="0.9" Author="JHC" Date="2007-09-24" Remarks="Simplified PNP.CLOCK." />
  <VersionInfo Organization="Holobloc Inc" Version="0.8" Author="JHC" Date="2006-09-16" Remarks="Cleaned up HMI.CONVEYOR." />
  <VersionInfo Organization="Holobloc Inc" Version="0.7" Author="JHC" Date="2006-07-11" Remarks="Changed HMI layout, adjusted size." />
  <VersionInfo Organization="Holobloc Inc" Version="0.6" Author="JHC" Date="2006-07-07" Remarks="Made separate CNV PRESENT, PNP LOADED sensors." />
  <VersionInfo Organization="Holobloc Inc" Version="0.5" Author="JHC" Date="2006-07-04" Remarks="Added S0 activation delay in PNP.XY." />
  <VersionInfo Organization="Holobloc Inc" Version="0.4" Author="JHC" Date="2006-07-03" Remarks="Added simulation logic to LOAD only when PNP is already unloaded." />
  <VersionInfo Organization="Holobloc Inc" Version="0.3" Author="JHC" Date="2006-07-03" Remarks="Added MAGNET ON/OFF cycle to PNP.CLOCK to init simulation correctly." />
  <VersionInfo Organization="Holobloc Inc" Version="0.2" Author="JHC" Date="2006-06-29" Remarks="Added simulation logic to LOAD only in HOME position." />
  <VersionInfo Organization="Holobloc Inc" Version="0.1" Author="JHC" Date="2006-06-27" Remarks="Added S0 logic." />
  <VersionInfo Organization="Holobloc Inc" Version="0.0" Author="JHC" Date="2006-06-24" />
  <Device Name="PNP" Type="FRAME_DEVICE" x="588.88885" y="594.4444" >
    <Parameter Name="BOUNDS" Value="[330,100,160,180]" />
    <Resource Name="CLOCK" Type="EMB_RES" x="133.33333" y="11.111111" >
      <FBNetwork >
        <FB Name="CLK" Type="E_CYCLE" x="505.55554" y="722.22217" >
          <Parameter Name="DT" Value="t#250ms" />
        </FB>
        <FB Name="SIM_CLK" Type="PUBL_0" x="516.6666" y="11.111111" />
        <FB Name="DLY" Type="E_DELAY" Comment="Wait for View startup" x="1044.4445" y="11.111111" >
          <Parameter Name="DT" Value="t#2s" />
        </FB>
        <EventConnections>
          <Connection Source="START.STOP" Destination="CLK.STOP" dx1="27.777777" />
          <Connection Source="START.COLD" Destination="SIM_CLK.INIT" dx1="27.777777" />
          <Connection Source="SIM_CLK.INITO" Destination="DLY.START" dx1="27.777777" />
          <Connection Source="DLY.EO" Destination="CLK.START" dx1="27.777777" dx2="200.0" dy="1266.6666" />
          <Connection Source="CLK.EO" Destination="SIM_CLK.REQ" dx1="27.777777" dx2="61.111107" dy="-161.1111" />
        </EventConnections>
      </FBNetwork>
    </Resource>
    <Resource Name="CONVEYOR" Type="EMB_RES" x="127.77777" y="305.55554" >
      <FBNetwork >
        <FB Name="CNV" Type="CNV_MDLL" x="866.6666" y="11.111111" >
          <Parameter Name="VF" Value="10" />
        </FB>
        <FB Name="PRESENT" Type="PUBL_1" Comment="Workpiece present at end of conveyor" x="2311.111" y="11.111111" />
        <FB Name="S0_SENSE" Type="V_SENSE" x="1849.9999" y="344.44443" >
          <Parameter Name="REFSTYLE" Value="VSTYLE#BALL" />
        </FB>
        <FB Name="CNV_UNLD" Type="SUBL_0" x="472.2222" y="11.111111" />
        <EventConnections>
          <Connection Source="CNV.INDS" Destination="S0_SENSE.SENSE" dx1="127.77777" />
          <Connection Source="S0_SENSE.IND" Destination="PRESENT.REQ" dx1="27.777777" />
          <Connection Source="CNV.INITO" Destination="PRESENT.INIT" dx1="38.888885" />
          <Connection Source="START.COLD" Destination="CNV_UNLD.INIT" dx1="27.777777" />
          <Connection Source="CNV_UNLD.INITO" Destination="CNV.INIT" dx1="27.777777" />
          <Connection Source="CNV_UNLD.IND" Destination="CNV.UNLD" dx1="27.777777" />
        </EventConnections>
        <DataConnections>
          <Connection Source="CNV.END" Destination="S0_SENSE.PRESENT" dx1="105.55555" />
          <Connection Source="CNV.STYLO" Destination="S0_SENSE.STYLE" dx1="27.777777" />
          <Connection Source="S0_SENSE.Q" Destination="PRESENT.SD_1" dx1="27.777777" />
        </DataConnections>
      </FBNetwork>
    </Resource>
    <Resource Name="XY" Type="EMB_RES" x="127.77777" y="594.4444" >
      <FBNetwork >
        <FB Name="PNP" Type="XY_MDLL" x="455.55554" y="11.111111" >
          <Parameter Name="UI_ID" Value="&#34;FAULT&#34;" />
        </FB>
        <FB Name="MAGNET" Type="SUBL_1" x="2177.7776" y="11.111111" />
        <FB Name="LD_GATE1" Type="FB_AND" x="1422.2222" y="122.22221" />
        <FB Name="CNV_UNLD" Type="PUBL_0" x="3483.3333" y="994.4444" />
        <FB Name="PNP_MT" Type="FB_NOT" Comment="No workpiece loaded to PNP unit" x="1083.3333" y="122.22221" />
        <FB Name="LD_GATE2" Type="FB_AND" x="1783.3333" y="122.22221" />
        <FB Name="UNLD" Type="E_F_TRIG" x="2877.7776" y="122.22221" />
        <FB Name="PRESENT" Type="SUBL_1" x="1150.0" y="994.4444" />
        <FB Name="LD_GATE3" Type="FB_AND" x="1605.5555" y="1105.5555" />
        <FB Name="LD_GATE4" Type="FB_AND" x="2033.3333" y="1105.5555" />
        <FB Name="LD_TRIG" Type="E_R_TRIG" x="2361.111" y="1105.5555" />
        <FB Name="PNP_LOAD" Type="LOADL" x="3083.3333" y="994.4444" >
          <Parameter Name="STYLE" Value="VSTYLE#BALL" />
          <Parameter Name="WKPC" Value="[255,255,0]" />
          <Parameter Name="ID" Value="&#34;PNP_LOAD&#34;" />
        </FB>
        <EventConnections>
          <Connection Source="MAGNET.IND" Destination="UNLD.EI" dx1="50.0" />
          <Connection Source="UNLD.EO" Destination="PNP.UNLD" dx1="672.22217" dx2="55.555553" dy="1761.1111" />
          <Connection Source="PNP.IND" Destination="PNP_MT.REQ" dx1="27.777777" />
          <Connection Source="PNP_MT.CNF" Destination="LD_GATE1.REQ" dx1="27.777777" />
          <Connection Source="LD_GATE1.CNF" Destination="LD_GATE2.REQ" dx1="27.777777" />
          <Connection Source="PRESENT.IND" Destination="LD_GATE3.REQ" dx1="27.777777" />
          <Connection Source="MAGNET.IND" Destination="LD_GATE4.REQ" dx1="61.111107" dx2="50.0" dy="794.4444" />
          <Connection Source="LD_GATE3.CNF" Destination="LD_GATE4.REQ" dx1="72.22222" dx2="61.111107" dy="633.3333" />
          <Connection Source="LD_GATE4.CNF" Destination="LD_TRIG.EI" dx1="27.777777" />
          <Connection Source="START.COLD" Destination="PNP.INIT" dx1="27.777777" />
          <Connection Source="MAGNET.INITO" Destination="PNP_LOAD.INIT" dx1="344.44443" dx2="72.22222" dy="794.4444" />
          <Connection Source="LD_TRIG.EO" Destination="PNP_LOAD.REQ" dx1="50.0" />
          <Connection Source="PNP_LOAD.INITO" Destination="CNV_UNLD.INIT" dx1="33.333332" />
          <Connection Source="PNP_LOAD.CNF" Destination="CNV_UNLD.REQ" dx1="27.777777" />
          <Connection Source="LD_GATE2.CNF" Destination="LD_GATE3.REQ" dx1="66.666664" dx2="66.666664" dy="738.88885" />
          <Connection Source="PNP.INITO" Destination="MAGNET.INIT" dx1="133.33333" />
          <Connection Source="PNP.INITO" Destination="PRESENT.INIT" dx1="27.777777" />
        </EventConnections>
        <DataConnections>
          <Connection Source="MAGNET.RD_1" Destination="UNLD.QI" dx1="38.888885" />
          <Connection Source="PNP.HOMEX" Destination="LD_GATE1.IN2" dx1="161.1111" />
          <Connection Source="PNP.HOMEY" Destination="LD_GATE2.IN2" dx1="727.7778" />
          <Connection Source="LD_GATE1.OUT" Destination="LD_GATE2.IN1" dx1="38.888885" />
          <Connection Source="PRESENT.RD_1" Destination="LD_GATE3.IN1" dx1="27.777777" />
          <Connection Source="LD_GATE2.OUT" Destination="LD_GATE3.IN2" dx1="33.333332" dx2="111.11111" dy="366.66666" />
          <Connection Source="LD_GATE4.OUT" Destination="LD_TRIG.QI" dx1="27.777777" />
          <Connection Source="PNP.LOADED" Destination="PNP_MT.IN" dx1="27.777777" />
          <Connection Source="PNP_MT.OUT" Destination="LD_GATE1.IN1" dx1="27.777777" />
          <Connection Source="LD_GATE3.OUT" Destination="LD_GATE4.IN1" dx1="100.0" />
          <Connection Source="MAGNET.RD_1" Destination="LD_GATE4.IN2" dx1="27.777777" dx2="77.77777" dy="427.77777" />
        </DataConnections>
      </FBNetwork>
    </Resource>
    <Resource Name="VIEW" Type="VIEW_PANEL" x="677.7778" y="11.111111" >
      <Parameter Name="DIA" Value="25" />
      <Parameter Name="SIZE" Value="[6,5]" />
      <Parameter Name="VERTICAL" Value="0" />
      <FBNetwork >
        <FB Name="PNP" Type="XY_VIEWL" x="1388.8888" y="11.111111" >
          <Parameter Name="BKGD" Value="[0,0,255]" />
          <Parameter Name="LEN" Value="5" />
          <Parameter Name="UI_ID" Value="&#34;FAULT&#34;" />
        </FB>
        <FB Name="CNV" Type="MECH_VIEWL" Comment="Conveyor" x="588.88885" y="11.111111" >
          <Parameter Name="BKGD" Value="COLOR#darkGray" />
          <Parameter Name="LEN" Value="5" />
          <Parameter Name="DIR" Value="3" />
        </FB>
        <EventConnections>
          <Connection Source="START.COLD" Destination="CNV.INIT" dx1="27.777777" />
          <Connection Source="CNV.INITO" Destination="PNP.INIT" dx1="61.111107" />
        </EventConnections>
      </FBNetwork>
    </Resource>
  </Device>
  <Device Name="HMI" Type="FRAME_DEVICE" x="594.4444" y="100.0" >
    <Parameter Name="BOUNDS" Value="[100,100,230,180]" />
    <Parameter Name="GRID" Value="[1,3]" />
    <Resource Name="CONVEYOR" Type="PANEL_RESOURCE" x="122.22221" y="11.111111" >
      <FBNetwork >
        <FB Name="LD" Type="IN_EVENT" x="833.3333" y="155.55554" >
          <Parameter Name="LABEL" Value="&#34;LOAD&#34;" />
        </FB>
        <FB Name="CNV_LOAD" Type="LOADL" x="1233.3333" y="444.44443" >
          <Parameter Name="ID" Value="&#34;CNV_LOAD&#34;" />
          <Parameter Name="STYLE" Value="VSTYLE#BALL" />
          <Parameter Name="WKPC" Value="[255,255,0]" />
        </FB>
        <FB Name="CNV_MOTOR" Type="IN_BOOL" x="1644.4443" y="683.3333" >
          <Parameter Name="LABEL" Value="&#34;MOTOR&#34;" />
        </FB>
        <FB Name="CNV_ACT" Type="PUBL_1" x="2122.2222" y="11.111111" />
        <FB Name="PRESENT" Type="SUBL_1" x="2505.5554" y="11.111111" />
        <FB Name="PRESENCE" Type="OUT_BOOL" x="2916.6665" y="11.111111" >
          <Parameter Name="LABEL" Value="&#34;PRESENT&#34;" />
        </FB>
        <FB Name="LBL" Type="FB_LABEL" x="466.66666" y="150.0" >
          <Parameter Name="LABEL" Value="&#34;  CONVEYOR&#34;" />
        </FB>
        <EventConnections>
          <Connection Source="LD.INITO" Destination="CNV_LOAD.INIT" dx1="55.555553" />
          <Connection Source="LD.IND" Destination="CNV_LOAD.REQ" dx1="27.777777" />
          <Connection Source="CNV_LOAD.INITO" Destination="CNV_MOTOR.INIT" dx1="55.555553" />
          <Connection Source="CNV_MOTOR.INITO" Destination="CNV_ACT.INIT" dx1="38.888885" />
          <Connection Source="CNV_MOTOR.IND" Destination="CNV_ACT.REQ" dx1="66.666664" />
          <Connection Source="CNV_ACT.INITO" Destination="PRESENT.INIT" dx1="27.777777" />
          <Connection Source="PRESENT.INITO" Destination="PRESENCE.INIT" dx1="27.777777" />
          <Connection Source="PRESENT.IND" Destination="PRESENCE.REQ" dx1="27.777777" />
          <Connection Source="START.COLD" Destination="LBL.INIT" dx1="27.777777" />
          <Connection Source="LBL.INITO" Destination="LD.INIT" dx1="55.555553" />
        </EventConnections>
        <DataConnections>
          <Connection Source="CNV_MOTOR.OUT" Destination="CNV_ACT.SD_1" dx1="100.0" />
          <Connection Source="PRESENT.RD_1" Destination="PRESENCE.IN" dx1="27.777777" />
        </DataConnections>
      </FBNetwork>
    </Resource>
    <Resource Name="ACTUATORS" Type="PANEL_RESOURCE" x="138.88889" y="499.99997" >
      <FBNetwork >
        <FB Name="PNP_ACT" Type="PUBL_4" x="3000.0" y="800.0" />
        <FB Name="FWDX" Type="IN_BOOL" x="455.55554" y="11.111111" >
          <Parameter Name="LABEL" Value="&#34;FWDx&#34;" />
        </FB>
        <FB Name="REVX" Type="IN_BOOL" x="1133.3333" y="11.111111" >
          <Parameter Name="LABEL" Value="&#34;REVx&#34;" />
        </FB>
        <FB Name="FWDY" Type="IN_BOOL" x="1794.4443" y="11.111111" >
          <Parameter Name="LABEL" Value="&#34;FWDy&#34;" />
        </FB>
        <FB Name="REVY" Type="IN_BOOL" x="2455.5554" y="11.111111" >
          <Parameter Name="LABEL" Value="&#34;REVy&#34;" />
        </FB>
        <FB Name="MAG" Type="IN_BOOL" x="377.77777" y="1411.1111" >
          <Parameter Name="LABEL" Value="&#34;MAGNET&#34;" />
        </FB>
        <FB Name="MAGNET" Type="PUBL_1" x="805.55554" y="1522.2222" />
        <EventConnections>
          <Connection Source="START.COLD" Destination="FWDX.INIT" dx1="27.777777" />
          <Connection Source="FWDX.INITO" Destination="REVX.INIT" dx1="66.666664" />
          <Connection Source="REVX.INITO" Destination="FWDY.INIT" dx1="88.888885" />
          <Connection Source="FWDY.INITO" Destination="REVY.INIT" dx1="100.0" />
          <Connection Source="REVY.INITO" Destination="PNP_ACT.INIT" dx1="133.33333" />
          <Connection Source="FWDX.IND" Destination="PNP_ACT.REQ" dx1="122.22221" />
          <Connection Source="REVX.IND" Destination="PNP_ACT.REQ" dx1="83.33333" />
          <Connection Source="FWDY.IND" Destination="PNP_ACT.REQ" dx1="83.33333" />
          <Connection Source="REVY.IND" Destination="PNP_ACT.REQ" dx1="83.33333" />
          <Connection Source="PNP_ACT.INITO" Destination="MAG.INIT" dx1="27.777777" dx2="88.888885" dy="1505.5555" />
          <Connection Source="MAG.INITO" Destination="MAGNET.INIT" dx1="27.777777" />
          <Connection Source="MAG.IND" Destination="MAGNET.REQ" dx1="27.777777" />
        </EventConnections>
        <DataConnections>
          <Connection Source="FWDX.OUT" Destination="PNP_ACT.SD_1" dx1="27.777777" />
          <Connection Source="REVX.OUT" Destination="PNP_ACT.SD_2" dx1="27.777777" />
          <Connection Source="FWDY.OUT" Destination="PNP_ACT.SD_3" dx1="27.777777" />
          <Connection Source="REVY.OUT" Destination="PNP_ACT.SD_4" dx1="27.777777" />
          <Connection Source="MAG.OUT" Destination="MAGNET.SD_1" dx1="27.777777" />
        </DataConnections>
      </FBNetwork>
    </Resource>
    <Resource Name="SENSORS" Type="PANEL_RESOURCE" x="150.0" y="999.99994" >
      <FBNetwork >
        <FB Name="PNP_SENSE" Type="SUBL_5" x="88.888885" y="733.3333" />
        <FB Name="HOMEX" Type="OUT_BOOL" x="1466.6666" y="11.111111" >
          <Parameter Name="LABEL" Value="&#34;HOMEx&#34;" />
        </FB>
        <FB Name="ENDX" Type="OUT_BOOL" x="2088.889" y="11.111111" >
          <Parameter Name="LABEL" Value="&#34;ENDx&#34;" />
        </FB>
        <FB Name="HOMEY" Type="OUT_BOOL" x="2761.111" y="11.111111" >
          <Parameter Name="LABEL" Value="&#34;HOMEy&#34;" />
        </FB>
        <FB Name="ENDY" Type="OUT_BOOL" x="3377.7776" y="11.111111" >
          <Parameter Name="LABEL" Value="&#34;ENDy&#34;" />
        </FB>
        <FB Name="LOADED" Type="OUT_BOOL" x="794.4444" y="11.111111" >
          <Parameter Name="LABEL" Value="&#34;LOADED&#34;" />
        </FB>
        <FB Name="FAULT" Type="SUBL_1" x="3377.7776" y="1177.7777" />
        <FB Name="FLT" Type="OUT_BOOL" x="4011.1108" y="11.111111" >
          <Parameter Name="LABEL" Value="&#34;FAULT&#34;" />
        </FB>
        <EventConnections>
          <Connection Source="START.COLD" Destination="PNP_SENSE.INIT" dx1="33.333332" dx2="33.333332" dy="561.1111" />
          <Connection Source="HOMEX.INITO" Destination="ENDX.INIT" dx1="66.666664" />
          <Connection Source="HOMEX.CNF" Destination="ENDX.REQ" dx1="27.777777" />
          <Connection Source="ENDX.INITO" Destination="HOMEY.INIT" dx1="88.888885" />
          <Connection Source="HOMEY.CNF" Destination="ENDY.REQ" dx1="27.777777" />
          <Connection Source="HOMEY.INITO" Destination="ENDY.INIT" dx1="66.666664" />
          <Connection Source="ENDX.CNF" Destination="HOMEY.REQ" dx1="38.888885" />
          <Connection Source="PNP_SENSE.INITO" Destination="LOADED.INIT" dx1="44.444443" />
          <Connection Source="LOADED.INITO" Destination="HOMEX.INIT" dx1="38.888885" />
          <Connection Source="PNP_SENSE.IND" Destination="LOADED.REQ" dx1="94.44444" />
          <Connection Source="LOADED.CNF" Destination="HOMEX.REQ" dx1="55.555553" />
          <Connection Source="ENDY.INITO" Destination="FLT.INIT" dx1="27.777777" />
          <Connection Source="FLT.INITO" Destination="FAULT.INIT" dx1="27.777777" dx2="61.111107" dy="1716.6666" />
          <Connection Source="FAULT.IND" Destination="FLT.REQ" dx1="122.22221" />
        </EventConnections>
        <DataConnections>
          <Connection Source="PNP_SENSE.RD_1" Destination="LOADED.IN" dx1="255.55554" />
          <Connection Source="PNP_SENSE.RD_2" Destination="HOMEX.IN" dx1="755.55554" />
          <Connection Source="PNP_SENSE.RD_3" Destination="ENDX.IN" dx1="1438.8888" />
          <Connection Source="PNP_SENSE.RD_4" Destination="HOMEY.IN" dx1="2055.5554" />
          <Connection Source="PNP_SENSE.RD_5" Destination="ENDY.IN" dx1="2738.8887" />
          <Connection Source="FAULT.RD_1" Destination="FLT.IN" dx1="177.77777" />
        </DataConnections>
      </FBNetwork>
    </Resource>
  </Device>
</System>
