<?xml version="1.0" encoding="UTF-8"?>
<!DOCTYPE FBType SYSTEM "http://www.holobloc.com/xml/LibraryElement.dtd" >
<FBType Name="XBAR_CTL" Comment="Transfer Bar Control" >
  <Identification Standard="61499-1" Classification="Simulation" ApplicationDomain="Material Handling" Function="Control" Type="Transfer Bar" />
  <VersionInfo Organization="Rockwell Automation" Version="0.0" Author="JHC" Date="2002-05-20" />
  <CompilerInfo header="package fb.rt.mach;" >
    <Compiler Language="Java" Vendor="IBM" Product="Jikes" Version="1.06" />
  </CompilerInfo>
  <InterfaceList>
    <EventInputs>
      <Event Name="REQ" >
        <With Var="HOME" />
        <With Var="END" />
        <With Var="PRESENT" />
      </Event>
    </EventInputs>
    <EventOutputs>
      <Event Name="CNF" >
        <With Var="FWD" />
        <With Var="REV" />
      </Event>
    </EventOutputs>
    <InputVars>
      <VarDeclaration Name="HOME" Type="BOOL" Comment="Bar at HOME position" />
      <VarDeclaration Name="END" Type="BOOL" Comment="Bar at END position" />
      <VarDeclaration Name="PRESENT" Type="BOOL" Comment="Workpiece Present" />
    </InputVars>
    <OutputVars>
      <VarDeclaration Name="FWD" Type="BOOL" Comment="Drive Forward" />
      <VarDeclaration Name="REV" Type="BOOL" Comment="Drive Backward" />
    </OutputVars>
  </InterfaceList>
  <BasicFB>
    <ECC >
      <ECState Name="START" x="231.25" y="112.5" >
      </ECState>
      <ECState Name="REQ" x="587.5" y="550" >
        <ECAction Algorithm="REQ" Output="CNF" />
      </ECState>
      <ECTransition Source="START" Destination="REQ" Condition="REQ" x="587.5" y="112.5" />
      <ECTransition Source="REQ" Destination="START" Condition="1" x="231.25" y="550" />
    </ECC>
  <Algorithm Name="REQ" >
    <LD >
      <Rung Output="FWD" Expression="END ! PRESENT &#38; " />
      <Rung Output="REV" Expression="HOME ! PRESENT ! &#38; " />
    </LD>
  </Algorithm>
  </BasicFB>
</FBType>
