<?xml version="1.0" encoding="UTF-8"?>
<!DOCTYPE FBType SYSTEM "http://www.holobloc.com/xml/LibraryElement.dtd" >
<FBType Name="XY_VIEW" Comment="View of a Two-Dimensional Mechanism" >
  <Identification Standard="IEC 61499" Classification="View" ApplicationDomain="Material Handling" />
  <VersionInfo Organization="Holobloc Inc" Version="0.0" Author="JHC" Date="2006-06-20" Remarks="Copied/Modified from MECH_VIEW" />
  <CompilerInfo header="package fb.rt.mva;" classdef="public class XY_VIEW extends XABS_VIEW" >
    <Compiler Language="Java" Vendor="Sun" Product="JDK" Version="1.5.0" />
  </CompilerInfo>
  <InterfaceList>
    <EventInputs>
      <Event Name="INIT" Comment="Initialize" >
        <With Var="STYLE" />
        <With Var="WKPC" />
        <With Var="BKGD" />
        <With Var="LEN" />
        <With Var="DIA" />
        <With Var="DIR" />
        <With Var="YPOS" />
      </Event>
      <Event Name="REQ" Comment="Update the display" >
        <With Var="POS" />
        <With Var="STYLE" />
        <With Var="WKPC" />
        <With Var="YPOS" />
      </Event>
    </EventInputs>
    <EventOutputs>
      <Event Name="INITO" Comment="Initialized" >
      </Event>
      <Event Name="CNF" Comment="Display Updated" >
      </Event>
      <Event Name="IND" Comment="Change in FAULT status" >
        <With Var="FAULT" />
      </Event>
    </EventOutputs>
    <InputVars>
      <VarDeclaration Name="POS" Type="UINT" Comment="X-position, {0..100}%" />
      <VarDeclaration Name="YPOS" Type="UINT" Comment="Y-position, {0..100}%" />
      <VarDeclaration Name="STYLE" Type="VSTYLE" InitialValue="RING" Comment="Workpiece style" />
      <VarDeclaration Name="WKPC" Type="COLOR" InitialValue="blue" Comment="Foreground Color" />
      <VarDeclaration Name="BKGD" Type="COLOR" InitialValue="blue" Comment="Background Color" />
      <VarDeclaration Name="LEN" Type="UINT" Comment="Length/Width in Diameters" />
      <VarDeclaration Name="DIA" Type="UINT" Comment="Workpiece Diameter" />
      <VarDeclaration Name="DIR" Type="UINT" Comment="Direction 0=>100%: 0=UL/LR,1=UR/LL,2=LR/UL,3=LL/UR" />
    </InputVars>
    <OutputVars>
      <VarDeclaration Name="FAULT" Type="BOOL" Comment="0=Normal,1=Fault" />
    </OutputVars>
  </InterfaceList>
</FBType>
