<?xml version="1.0" encoding="UTF-8"?>
<!DOCTYPE FBType SYSTEM "http://www.holobloc.com/xml/LibraryElement.dtd" >
<FBType Name="XY_VIEWL" Comment="Two-Dimensional Mechanism View with Local Data Publish/Subscribe" >
  <Identification Standard="IEC 61499" Classification="View" ApplicationDomain="Material Handling" Function="Two-axis motion" />
  <VersionInfo Organization="Holobloc Inc" Version="0.0" Author="JHC" Date="2006-06-22" Remarks="Derived from MECHC_VIEWL for XY_VIEW." />
  <CompilerInfo header="package fb.rt.mva; import fb.rt.net.*;" classdef="public class XY_VIEWL extends FBMVCD" >
    <Compiler Language="Java" Vendor="Sun" Product="JDK" Version="1.5.0" />
  </CompilerInfo>
  <InterfaceList>
    <EventInputs>
      <Event Name="INIT" Comment="Initialize" >
        <With Var="REND_ID" />
        <With Var="UI_ID" />
        <With Var="BKGD" />
        <With Var="LEN" />
        <With Var="DIA" />
        <With Var="DIR" />
      </Event>
    </EventInputs>
    <EventOutputs>
      <Event Name="INITO" Comment="Initialized" >
      </Event>
    </EventOutputs>
    <InputVars>
      <VarDeclaration Name="REND_ID" Type="WSTRING" Comment="Rendering Data Channel from Model" />
      <VarDeclaration Name="UI_ID" Type="WSTRING" Comment="User Input Channel to Model" />
      <VarDeclaration Name="BKGD" Type="COLOR" InitialValue="blue" Comment="Background Color" />
      <VarDeclaration Name="LEN" Type="UINT" Comment="Length in Diameters" />
      <VarDeclaration Name="DIA" Type="UINT" Comment="Diameter" />
      <VarDeclaration Name="DIR" Type="UINT" Comment="Orientation:0=L/R,1=T/B,2=R/L,3=B/T" />
    </InputVars>
  </InterfaceList>
  <FBNetwork >
    <FB Name="REND" Type="SUBL_4" x="311.11108" y="233.33333" />
    <FB Name="VIEW" Type="XY_VIEW" x="883.3333" y="11.111111" />
    <FB Name="UI" Type="PUBL_1" x="1511.1111" y="11.111111" />
    <EventConnections>
      <Connection Source="INIT" Destination="REND.INIT" dx1="205.55554" />
      <Connection Source="REND.INITO" Destination="VIEW.INIT" dx1="27.777777" />
      <Connection Source="VIEW.INITO" Destination="UI.INIT" dx1="44.444443" />
      <Connection Source="UI.INITO" Destination="INITO" dx1="1949.9999" />
      <Connection Source="REND.IND" Destination="VIEW.REQ" dx1="61.111107" />
      <Connection Source="VIEW.IND" Destination="UI.REQ" dx1="94.44444" />
    </EventConnections>
    <DataConnections>
      <Connection Source="REND.RD_1" Destination="VIEW.POS" dx1="27.777777" />
      <Connection Source="VIEW.FAULT" Destination="UI.SD_1" dx1="172.22221" />
      <Connection Source="REND_ID" Destination="REND.ID" dx1="138.88889" />
      <Connection Source="UI_ID" Destination="UI.ID" dx1="1388.8888" />
      <Connection Source="BKGD" Destination="VIEW.BKGD" dx1="750.0" />
      <Connection Source="LEN" Destination="VIEW.LEN" dx1="777.7778" />
      <Connection Source="DIA" Destination="VIEW.DIA" dx1="783.3333" />
      <Connection Source="DIR" Destination="VIEW.DIR" dx1="783.3333" />
      <Connection Source="REND.RD_2" Destination="VIEW.STYLE" dx1="83.33333" />
      <Connection Source="REND.RD_3" Destination="VIEW.WKPC" dx1="38.888885" />
      <Connection Source="REND.RD_4" Destination="VIEW.YPOS" dx1="44.444443" />
    </DataConnections>
  </FBNetwork>
</FBType>
