<?xml version="1.0" encoding="UTF-8"?>
<!DOCTYPE FBType SYSTEM "../LibraryElement.dtd" >
<FBType Name="XSPACE" Comment="A spacer object with center and edge labels" >
  <Identification Standard="61499-1" Function="HMI" Type="Spacer" />
  <VersionInfo Organization="Rockwell Automation" Version="0.0" Author="JHC" Date="2001-03-08" Remarks="First XML version." />
  <CompilerInfo header="package fb.rt.hmi; import java.awt.*;" >
    <Compiler Language="Java" Vendor="IBM" Product="VisualAge" Version="3.0" />
  </CompilerInfo>
  <InterfaceList>
    <EventInputs>
      <Event Name="INIT" Comment="Initialize" >
        <With Var="LBLS" />
        <With Var="COLORS" />
        <With Var="DIMS" />
        <With Var="DIA" />
      </Event>
    </EventInputs>
    <EventOutputs>
      <Event Name="INITO" Comment="Initialization Confirm" >
      </Event>
    </EventOutputs>
    <InputVars>
      <VarDeclaration Name="LBLS" Type="WSTRING" ArraySize="5" Comment="Labels:{Left,Top,Right,Bottom,Center}" />
      <VarDeclaration Name="COLORS" Type="COLOR" ArraySize="2" InitialValue="[black,white]" Comment="{Foreground,Background}" />
      <VarDeclaration Name="DIMS" Type="UINT" ArraySize="2" InitialValue="[3,3]" Comment="{Width,Height}in Diameters" />
      <VarDeclaration Name="DIA" Type="UINT" InitialValue="25" Comment="Diameter dimension" />
    </InputVars>
  </InterfaceList>
</FBType>
